[
  {"id":"CD","name":"Churchill Downs","state":"KY","country":"US"},
  {"id":"SAR","name":"Saratoga","state":"NY","country":"US"},
  {"id":"BEL","name":"Belmont Park","state":"NY","country":"US"},
  {"id":"AQU","name":"Aqueduct","state":"NY","country":"US"},
  {"id":"KEE","name":"Keeneland","state":"KY","country":"US"},
  {"id":"GP","name":"Gulfstream Park","state":"FL","country":"US"},
  {"id":"SA","name":"Santa Anita Park","state":"CA","country":"US"},
  {"id":"DMR","name":"Del Mar","state":"CA","country":"US"},
  {"id":"PIM","name":"Pimlico","state":"MD","country":"US"},
  {"id":"LRL","name":"Laurel Park","state":"MD","country":"US"},
  {"id":"HAW","name":"Hawthorne Race Course","state":"IL","country":"US"},
  {"id":"PHA","name":"Parx Racing","state":"PA","country":"US"},
  {"id":"MVR","name":"Mahoning Valley","state":"OH","country":"US"},
  {"id":"WRD","name":"Will Rogers Downs","state":"OK","country":"US"},
  {"id":"IND","name":"Horseshoe Indianapolis","state":"IN","country":"US"},
  {"id":"WO","name":"Woodbine","state":"ON","country":"CA"},
  {"id":"RP","name":"Remington Park","state":"OK","country":"US"},
  {"id":"TAM","name":"Tampa Bay Downs","state":"FL","country":"US"},
  {"id":"PRM","name":"Prairie Meadows","state":"IA","country":"US"},
  {"id":"CBY","name":"Canterbury Park","state":"MN","country":"US"},
  {"id":"LRC","name":"Los Alamitos (TB)","state":"CA","country":"US"},
  {"id":"LRCQH","name":"Los Alamitos (QH)","state":"CA","country":"US"},
  {"id":"EVD","name":"Evangeline Downs","state":"LA","country":"US"},
  {"id":"DED","name":"Delta Downs","state":"LA","country":"US"},
  {"id":"ZIA","name":"Zia Park","state":"NM","country":"US"},
  {"id":"SUN","name":"Sunland Park","state":"NM","country":"US"},
  {"id":"GPW","name":"Gulfstream Park West (Calder)","state":"FL","country":"US"},
  {"id":"FG","name":"Fair Grounds","state":"LA","country":"US"},
  {"id":"MTH","name":"Monmouth Park","state":"NJ","country":"US"},
  {"id":"PHA2","name":"Philadelphia Park (legacy)","state":"PA","country":"US"},
  {"id":"PEN","name":"Penn National","state":"PA","country":"US"},
  {"id":"CT","name":"Charles Town","state":"WV","country":"US"},
  {"id":"MNR","name":"Mountaineer","state":"WV","country":"US"},
  {"id":"LRCM","name":"Los Alamitos (Mixed)","state":"CA","country":"US"},
  {"id":"OP","name":"Oaklawn Park","state":"AR","country":"US"},
  {"id":"TP","name":"Turfway Park","state":"KY","country":"US"},
  {"id":"LS","name":"Lone Star Park","state":"TX","country":"US"},
  {"id":"HOU","name":"Sam Houston Race Park","state":"TX","country":"US"},
  {"id":"RET","name":"Retama Park","state":"TX","country":"US"},
  {"id":"TDN","name":"Thistledown","state":"OH","country":"US"},
  {"id":"ELP","name":"El Paso Downs","state":"TX","country":"US"},
  {"id":"LAD","name":"Louisiana Downs","state":"LA","country":"US"},
  {"id":"CRC","name":"Calder Race Course","state":"FL","country":"US"},
  {"id":"FON","name":"Fonner Park","state":"NE","country":"US"},
  {"id":"AWW","name":"Arapahoe Park","state":"CO","country":"US"},
  {"id":"PLN","name":"Pleasanton","state":"CA","country":"US"},
  {"id":"GG","name":"Golden Gate Fields","state":"CA","country":"US"},
  {"id":"AP","name":"Arlington Park (closed)","state":"IL","country":"US"}
]

